UNIXタイムスタンプ,imgフォルダのサイズ
1724037932,168760206
1724078501,176504562
1724101322,191054353
1724191510,205514105
1724251272,205514105
1724274120,222393451
1724337682,225816345
1724360492,235754018
1724425042,235754018
1724472165,259745288
1724510467,259745288
1724533293,269575864
1724597819,270981286
1724619678,276365870
1724684212,279813599
1724717827,302986326
1724769679,305934898
1724878920,333704097
1724943432,340166369
1724965283,346860952
1725031218,369131018
1725031227,370630066
1725031660,370630066
1725054843,370630066
1725055041,370630066
1725116336,376772503
1725139159,431421264
1725202729,435195295
1725225410,439856293
1725288086,444586461
1725310911,459372183
1725374484,464995776
1725397948,475473113
1725460872,475473113
1725483685,479746841
1725549129,489267747
1725570100,500613468
1725633673,500613468
1725657515,537601076
1725720072,537601076
1725743932,551711591
1725806478,553102880
1725830341,553102880
1725892892,557654093
1725918498,574246455
1725979280,575788909
1726002092,581611905
1726065677,581611905
1726088529,602336980
1726153069,602336980
1726176966,617283730
1726238472,617283730
1726324944,645715613
1726347696,652861007
1726411277,654245558
1726435896,674044527
1726497690,678753362
1726554069,695371556
1726584077,695371556
1726606899,708047654
1726670482,708047654
1726693303,718712869
1726756937,733892021
1726779737,756641909
1726843299,762328557
1726866117,780571741
1726929673,780571741
1726952517,797923503
1727016081,799337757
1727038888,802042955
1727102491,805454210
1727125353,825658621
1727188884,828515552
1727211686,834378897
1727275278,834378897
1727298124,850116521
1727362502,853664902
1727384526,871622295
1727448084,874183442
1727470920,895347847
1727534472,895347847
1727557350,920008860
1727620897,926890091
1727643672,926890091
1727730261,1000204601
1727829833,1029127552
1727881037,1033282972
1727902914,1046490662
1727966579,1069821131
1727989289,1076202949
1728075755,1103674544
1728139278,1103674544
1728192454,1113245948
1728225680,1114594981
1728248512,1127149487
1728314012,1158768657
1728334872,1158768657
1728398479,1160224186
1728421285,1166055282
1728484905,1173277202
1728507714,1184123632
1728594089,1191129132
1728657670,1191129132
1728680555,1223317881
1728744070,1223317881
1728766885,1228507897
1728853306,1238705916
1728916879,1240447692
1728939753,1265482096
1729003284,1267930579
1729026161,1293857255
1729137147,1307006315
1729201491,1335864069
1729264705,1359818588
1729285272,1359818588
1729349285,1362174863
1729371697,1369332841
1729435328,1381394038
1729458086,1387754666
1729521697,1392415581
1729544550,1412534352
1729612547,1415908136
1729694493,1419706096
1729748160,1439861468
1729781117,1445691526
1729803731,1467653823
1729943647,1490583533
1729943895,1490583533
1729944422,1490583533
1729954605,1490583533
1729976513,1502988579
1730041010,1505499674
1730062885,1512533436
1730131409,1535694141
1730162195,1535694141
1730240367,1551154789
1730299277,1552191140
1730322101,1561850367
1730387988,1638444394
1730408473,1638444394
1730472102,1644653302
1730494919,1659111162
1730558476,1659111162
1730581303,1669787105
1730650063,1669787105
1730667672,1669787105
1730731291,1674332235
1730754120,1692085845
1730817700,1696316083
1730840486,1701640193
1730926909,1709727009
1730991515,1728485552
1731052027,1749214265
1731076873,1749214265
1731099730,1769142456
1731163466,1769142456
1731186098,1775938219
1731249685,1779249797
1731272494,1787054011
1731340860,1804357172
1731358873,1804357172
1731429661,1812911064
1731445276,1812911064
1731508888,1812911064
1731531713,1828961819
1731595297,1833470841
1731618129,1851962122
1731686763,1882945221
1731758193,1884106340
1731769258,1884106340
1731811817,1891294250
1731858824,1898370796
1731877271,1898370796
1731964879,1922043243
1732031666,1927534120
1732050083,1928758227
1732114358,1933672169
1732201700,1982498499
1732222873,1982498499
1732286479,1983611454
1732309315,1999768767
1732372881,2001054975
1732395700,2011852997
1732482163,2036691054
1732545719,2049891115
1732568503,2058182431
1732632084,2059593067
1732654932,2078704676
1732741315,2092401188
1732804896,2097893003
1732827720,2116728936
1732891273,2116728936
1732914103,2128591527
1733000632,2181755881
1733064082,2182920158
1733086903,2192513342
1733172929,2214558400
1733173272,2214558400
1733196689,2214558400
1733237084,2217413312
1733326746,2231660546
1733443942,2265014261
1733496607,2267079211
1733554082,2304039943
1733582472,2304039943
1733634505,2309443994
1733668871,2309443994
1733691673,2309443994
1733755532,2317512470
1733778145,2341241121
1733841686,2344344362
1733864487,2349731445
1733929983,2356179807
1733950912,2370657896
1734014860,2392592953
1734037325,2410950149
1734100875,2410950149
1734162319,2429101859
1734187278,2429101859
1734210112,2440335627
1734297505,2456372029
1734360097,2462229245
1734388148,2480876214
1734446506,2486623083
1734469300,2499935205
1734537235,2515183869
1734556226,2515183869
1734619319,2526818053
1734644003,2560770654
1734705693,2564628461
1734728499,2577282559
1734815201,2593831259
1734878479,2593831259
1734902271,2617886251
1734972972,2621854664
1734987684,2627438941
1735052356,2627438941
1735075368,2634155740
1735137685,2637088648
1735160532,2658886780
1735224086,2661252891
1735246890,2663694293
1735312843,2685113369
1735333274,2685113369
1735396903,2692260301
1735419714,2710892410
1735483281,2711970112
1735506112,2730417930
1735621835,2734313509
1735747669,2781956925
1735853573,2794289301
1735915287,2797620406
1735938098,2809268502
1736002350,2809268502
1736024522,2826587294
1736123205,2835242947
1736208676,2865068730
1736260961,2869306706
1736295400,2874195312
1736370100,2884002208
1736433695,2888893789
1736456529,2907242600
1736520077,2908596933
1736542917,2926832103
1736629313,2939802513
1736693824,2939802513
1736715686,2946115277
1736889525,2972766545
1736952100,2981003762
1736974958,3006307669
1737038525,3016108456
1737062723,3028507161
1737147749,3054938980
1737211274,3054938980
1737235093,3066248725
1737297675,3066248725
1737320485,3068696939
1737406938,3089614744
1737470491,3092550424
1737493293,3096179088
1737556874,3096179088
1737579704,3107291834
1737666153,3130519449
1737730610,3130519449
1737816072,3155649056
1737838901,3165139394
1737903392,3166260439
1737925286,3168707515
1737995566,3191433766
1738011673,3191433766
1738075753,3196021993
1738098085,3202502572
1738161694,3206001454
1738184576,3233947530
1738248078,3233947530
1738271915,3240266600
1738334512,3250540278
1738357395,3292768639
1738420898,3299235970
1738443724,3316047547
1738508205,3316047547
1738530085,3322413771
1738595173,3326927818
1738616519,3340579436
1738680083,3341929848
1738702887,3348100916
1738812188,3352534739
1738852924,3363468387
1738875713,3376679330
1738939278,3377796635
1738962137,3401817070
1739026611,3401817070
1739049829,3413789269
1739112074,3413789269
1739135247,3416237483
1739223252,3444936786
1739285932,3447800171
1739307689,3451394547
1739371283,3452538318
1739394097,3463541392
1739482418,3495145605
1739545004,3499258953
1739566933,3521154731
1739630750,3521154731
1739653328,3539851319
1739739689,3542292721
1739804210,3546701190
1739826110,3561574020
1739889691,3564627436
1739914511,3570899011
1739999262,3593149852
1740062473,3593149852
1740085285,3599552946
1740148983,3599552946
1740173744,3627523199
1740258103,3636974817
1740321671,3636974817
1740344505,3645206622
1740408078,3645206622
1740432703,3657102409
1740518087,3672929912
1740581828,3672929912
1740603756,3701844141
1740668213,3701844141
1740690094,3710604925
1740777781,3814911027
1740840074,3814911027
1740862899,3823306553
1740926470,3823306553
1740949271,3823306553
1741035751,3851089533
1741099291,3855348362
1741123146,3858199211
1741185698,3865980715
1741208497,3878815495
1741294996,3914059266
1741358661,3914059266
1741383360,3940739527
1741446745,3940739527
1741467699,3952363872
1741554091,3956081863
1741617677,3956677947
1741641465,3978881177
1741705015,3978881177
1741728808,3989597735
1741813318,4005872977
1741876877,4005872977
1741899712,4017000376
1741963576,4017000376
1741987051,4045295539
1742072519,4058783648
1742136987,4058783648
1742159907,4071162441
1742222474,4071162441
1742246282,4092181084
1742332607,4096411464
1742395399,4123406322
1742418138,4146103927
1742481673,4146103927
1742504487,4150559602
1742591987,4178796836
1742655489,4178796836
1742677300,4188987303
1742741410,4188987303
1742764666,4197532858
1742850520,4209637544
1742913672,4209637544
1742936497,4219004306
1743001105,4219004306
1743022941,4246562814
